Year,Indicator
2020,49.01085
2018,49.01085
2016,49.70906
2014,50.40728
2012,51.10549
2010,51.8037
2008,52.50192
2006,53.20013
2004,53.89834
2002,54.59656
2000,55.29477
